id,titulo,lugar,data,reclamacao_base,interacoes,rating,again,status
212625195,Saque automático,Governador Valadares - MG,"time.struct_time(tm_year=2025, tm_mon=3, tm_mday=20, tm_hour=8, tm_min=15, tm_sec=0, tm_wday=3, tm_yday=79, tm_isdst=-1)",A empresa bem fácil realizou um saque automático de uma venda que fiz no dia 19/03/25 e não foi para conta certa o dinheiro solicito devolução do valor,"['Resposta da empresa\n21/03/2025 às 08:49\nMorisaa, bem-vinda ao atendimento do Reclame Aqui da bemfácil.\n\nPrimeiramente, gostaria de pedir desculpas por qualquer transtorno causado. Estamos em constante melhoria de nossos processos e canais de comunicação para que problemas deste tipo não ocorram mais.\n\nEntramos em contato com você diretamente pelo e-mail para resolver sua questão e entender detalhadamente o que pode ter causado o problema.\n\nLembrando que: Sua tratativa está somente no início e com isso, peço que aguarde a resolução para que possa avaliar nosso atendimento.\n\nNossa equipe está ansiosa para ajudá-lo a resolver esta questão e garantir sua satisfação. Por favor, entre em contato conosco assim que possível para que possamos finalizar o atendimento. Continuaremos à disposição para qualquer dúvida ou assistência adicional.\n\nAgradecemos novamente por trazer esta questão à nossa atenção e por nos dar a oportunidade de corrigi-la. Sua satisfação é nossa prioridade.\n\n\n\nAtenciosamente,\n\nEquipe bemfácil Digital', 'Réplica da empresa\n21/03/2025 às 08:49\nMorisaa, bem-vinda ao atendimento do Reclame Aqui da bemfácil.\n\nPrimeiramente, gostaria de pedir desculpas por qualquer transtorno causado. Estamos em constante melhoria de nossos processos e canais de comunicação para que problemas deste tipo não ocorram mais.\n\nEntramos em contato com você diretamente pelo e-mail para resolver sua questão e entender detalhadamente o que pode ter causado o problema.\n\nLembrando que: Sua tratativa está somente no início e com isso, peço que aguarde a resolução para que possa avaliar nosso atendimento.\n\nNossa equipe está ansiosa para ajudá-lo a resolver esta questão e garantir sua satisfação. Por favor, entre em contato conosco assim que possível para que possamos finalizar o atendimento. Continuaremos à disposição para qualquer dúvida ou assistência adicional.\n\nAgradecemos novamente por trazer esta questão à nossa atenção e por nos dar a oportunidade de corrigi-la. Sua satisfação é nossa prioridade.\n\n\n\nAtenciosamente,\n\nEquipe bemfácil Digital', 'Consideração final do consumidor\n22/03/2025 às 11:54\nMuito bom']",10,True,Resolvido
210817543,"problema com a maquina de cartao, atendimento de pos venda ruim",Teresópolis - RJ,"time.struct_time(tm_year=2025, tm_mon=2, tm_mday=25, tm_hour=13, tm_min=15, tm_sec=0, tm_wday=1, tm_yday=56, tm_isdst=-1)","fui apresentado a empresa por um sr de nome João, atendimento de exelência.(nunca tive problemas dificultosos). porem depois da saída do João,entrou a https://******* começou a dificuldade! minha maquinha simplismente parou. fiz o contato com ela pedindo a troca em dezembro. ela atualizou a maquina e disse que mandaria outra para a substituição.. porem ate hoje não aconteceu a troca,e não tive mas retorno da Flavia. hoje maquina apresentou defeito outra vez, desse vez fui atendido pelo Paulo henrique! porque segundo ele a Flavia não atende mas tambem.
fui surprendido pelo Paulo henrique, ele dizendo que sera possivel a substuição da maquina de cartão.
então automaticamente se ela para pela terceira vez.. sera a terceira vez que perco vendas novamente .
não foi esse produto oferecido!
sinto uma falta de respeito e consideração a mim e a minha equipe e meu negocio.","['Resposta da empresa\n27/02/2025 às 10:02\nBem-vindo ao atendimento do Reclame Aqui da bemfácil.\n\nPrimeiramente, gostaria de pedir desculpas por qualquer transtorno causado. Estamos em constante melhoria de nossos processos e canais de comunicação para que problemas deste tipo não ocorram mais.\n\nInformamos que estamos analisando o seu caso detalhadamente e entraremos em contato através do seu novo consultor para fornecer mais informações.\n\nNosso objetivo é resolver esta questão o mais rápido possível. Agradecemos a sua compreensão e paciência.\n\nAtenciosamente,\nEquipe bemfácil Digital', 'Consideração final do consumidor\n27/02/2025 às 15:32\nBOA TARDE,A TODOS ! problema resolvido,empresa fez o contato comigo novamente.. e encontramos a solução e denominador comum. agradeço a equipe e desejo sucesso e prosperidade a todos .\nabraços']",9,True,Resolvido
210225401,SAQUE AUTOMÁTICO,Ponta Grossa - PR,"time.struct_time(tm_year=2025, tm_mon=2, tm_mday=18, tm_hour=11, tm_min=20, tm_sec=0, tm_wday=1, tm_yday=49, tm_isdst=-1)","Na data de ontem 17/02 às 23:01H, foi feito um saque automático, preciso que verifiquem para qual conta foi transferido e automaticamente seja devolvido a minha conta, não consigo contato pelo telefone do site e também não consigo contato pelo e-mail.
Aguardo retorno!","['Resposta da empresa\n24/02/2025 às 08:29\nBom dia.\nSomos a equipe BemFácil, e entraremos em contato para entender seu caso.\n\nat.te', 'Réplica da empresa\n25/02/2025 às 09:24\nJessica, bem-vindo ao atendimento do Reclame Aqui da Bemfácil.\n\nConforme conversado informamos que o valor referente à sua solicitação foi devidamente creditado no dia posterior em sua conta digital.\n\n\n\nPedimos desculpas por qualquer inconveniente que possa ter ocorrido e agradecemos a sua paciência durante o processo. Caso tenha qualquer dúvida ou precise de mais alguma assistência, estamos à disposição para ajudar!\n\n\nAtenciosamente,\n\nEquipe Bemfácil Digital', 'Consideração final do consumidor\n25/02/2025 às 10:55\nBom dia, Agradeço pelo retorno. Problema resolvido.']",8,True,Resolvido
205349019,NAO CONSIGO RESGATAR MEU DINHEIRO,Sumaré - SP,"time.struct_time(tm_year=2024, tm_mon=12, tm_mday=21, tm_hour=15, tm_min=49, tm_sec=0, tm_wday=5, tm_yday=356, tm_isdst=-1)","Estou com mais de dez mil reais e não consigo resgatar meu dinheiro, o operador da minha região não responde, email não chega, central não atende.
Não consigo alterar minha senha.","['Resposta da empresa\n26/12/2024 às 16:29\nBoa tarde, Leandro. Bem-vindo ao atendimento do Reclame Aqui da bemfácil.\n\nAgradecemos a sua paciência. Conforme contato do nosso executivo contigo, informamos que o caso foi resolvido.\n\nObrigado.', 'Consideração final do consumidor\n26/12/2024 às 16:41\nProblema resolvido.']",10,True,Resolvido
203955851,CANCELAMENTO DE COMPRA,Jerônimo Monteiro - ES,"time.struct_time(tm_year=2024, tm_mon=12, tm_mday=7, tm_hour=11, tm_min=8, tm_sec=0, tm_wday=5, tm_yday=342, tm_isdst=-1)","No dia 28 de novembro realizei uma compra NO VALOR DE R$9.756,00 na VP SOLAR que utilizou o link de pagamento da Bem fácil e no dia posterior ( 29/11/2024 ) fui informado que essa compra seria cancelada pois ele seria cobrada novamente via máquina de cartão.
Já recebi uma carta de cancelamento (protocolo : 1417), mas ao ligar para NUBANK fui informado que não consta como cancelado no sistema deles e siquer foi feito algum pedido de cancelamento.
E até a data de hoje a compra continua constando em minha fatura, ainda não foi cancelada !
Já abri um pedido de contestação na NUBANK e quero uma resposta da empresa bem fácil !","['Resposta da empresa\n11/12/2024 às 14:22\nJeferson, bem-vindo ao atendimento do Reclame Aqui da bemfácil.\n\nPrimeiramente, gostaria de pedir desculpas por qualquer transtorno causado. Estamos em constante melhoria de nossos processos e canais de comunicação para que problemas deste tipo não ocorram mais.\n\nAgradecemos a sua paciência enquanto estamos trabalhando na resolução do seu caso. Gostaríamos de informar que a questão que você relatou é mais complexa do que inicialmente previsto, e estamos empenhados em resolver o problema da melhor forma possível.\n\nDevido à complexidade do problema, ainda precisamos de mais tempo para finalizar a resolução.\n\nEstamos comprometidos em manter você informado para garantir sua satisfação. Caso tenha alguma dúvida ou precise de mais informações, por favor, entre em contato com seu consultor direto.\n\nAgradecemos novamente por trazer esta questão à nossa atenção e por nos dar a oportunidade de corrigi-la. Sua satisfação é nossa prioridade.\n\nAtenciosamente,\nEquipe bemfácil Digital', 'Consideração final do consumidor\n11/12/2024 às 14:42\nResolveram o problema, mas a empresa deve ter mais opções de atendimento ao pós venda.']",6,False,Resolvido
202457193,CONTA DIGITAL NÃO ATIVADA CONFORME PROMETIDO,Salvador - BA,"time.struct_time(tm_year=2024, tm_mon=11, tm_mday=20, tm_hour=14, tm_min=41, tm_sec=0, tm_wday=2, tm_yday=325, tm_isdst=-1)","Espero por um e-mail de confirmação para habilitar contra digital há quase 1 mês e nunca ocorre.
Pior que a empresa não tem um telefone de contato.
Estou perdendo a credibilidade na empresa. A melhoria prometida ainda não chegou no meu estabelecimento.","['Resposta da empresa\n28/11/2024 às 09:03\nAdailton, bem-vindo ao atendimento do Reclame Aqui da bemfácil.\n\nAgradecemos por nos procurar e por sua paciência durante a resolução deste caso.\n\nEntendemos o quanto é frustrante passar por uma experiência como essa e lamentamos sinceramente que tenha acontecido. Sua opinião é muito importante para nós e estamos trabalhando incansavelmente para que situações como esta não se repitam.\n\nConfirmamos que o seu caso já foi resolvido e nos colocamos á disposição caso tenha qualquer assunto adicional.\n\nConte com a gente!\n\nAtenciosamente\nEquipe bemfácil Digital', 'Consideração final do consumidor\n03/12/2024 às 16:33\nTudo resolvido.']",8,True,Resolvido
201571407,Bem difícil,Guarujá - SP,"time.struct_time(tm_year=2024, tm_mon=11, tm_mday=8, tm_hour=13, tm_min=38, tm_sec=0, tm_wday=4, tm_yday=313, tm_isdst=-1)","Tem loja, e já a um bom tempo tenho problemas com a bem fácil
Trava não repassa o dinheiro no mesmo dia ,demora pra cair ,ficaram um mês e pouco fazendo reformulação e não resolveu nada ficou pior prejudicando os comerciantes no final do ano .não tem previsão de nada ,vive oscilando sem sistema .máquina não aparece o valor da compra pro cliente na hora de passar o cartão.fim de semana ,feriado não cai o dinheiro da gente e agora só tão repassando no dia seguinte isso se vc reclamar .fizeram parceria com um imprensa acredita que é o ruim com o tá pior de bem fácil virou bem difícil e de acredita virou https://******* lixo .vc comerciante se ouvir falar de bem fácil e acredita não façam negócio é furada . totalmente sem credibilidade e sem profissionalissimo nenhum ruim","['Resposta da empresa\n12/11/2024 às 17:59\nRafael, Bem-vindo ao atendimento do Reclame Aqui da bemfácil.\n\nLamentamos muito pela experiência que você teve conosco; essa não é a experiência que buscamos oferecer na bemfácil. Estamos em constante melhoria de nossos processos e canais de comunicação para que problemas deste tipo não ocorram mais.\n\nRecentemente, nossos sistemas passaram por melhorias para garantir um atendimento mais ágil e eficiente. Estamos em um momento de transformação na plataforma bemfácil, com o objetivo de entregar um produto que se alinhe melhor às suas necessidades.\n\nA intenção da parceria é oferecer mais soluções, mas sabemos que problemas podem ocorrer durante transições e estamos empenhados em corrigir rapidamente qualquer falha. Queremos garantir que você sinta segurança e transparência em todos os aspectos do serviço, tanto com a bemfácil quanto com a Accredito.\n\nNosso compromisso agora é corrigir o que não funcionou e estar ao seu lado nesse processo, no entanto, todos os seus pontos foram resolvidos. Estamos acompanhando seu caso e peço que, caso ainda enfrente problemas, entre em contato diretamente com nossa equipe de suporte.\n\nAgradecemos mais uma vez a oportunidade de solucionar sua questão e de aplicar melhorias internas para garantir um atendimento cada vez melhor. Obrigada pela paciência com nossos processos. Foi um prazer atendê-lo, e, caso precise de mais alguma coisa, estou à disposição.\n\nAtenciosamente,\nEquipe Bemfácil Digital', 'Consideração final do consumidor\n12/12/2024 às 10:01\nreclamei ,e solucionaram o problema']",9,True,Resolvido
198701711,Problema na maquina de cartao,Tapurah - MT,"time.struct_time(tm_year=2024, tm_mon=10, tm_mday=2, tm_hour=12, tm_min=17, tm_sec=0, tm_wday=2, tm_yday=276, tm_isdst=-1)","Bom dia, estou com um problema com a bemfacil . Passei duas vendas na maquina deles e consta a venda na plataforma tudocerto mais o valor n cai para fazer o saque. Tentei entrar em conta mais todos os números e e-mail dão erro.","['Resposta da empresa\n02/10/2024 às 15:27\nJose, bem-vindo ao atendimento do Reclame Aqui da bemfácil.\n\nLamentamos muito pela experiência que você teve conosco; essa não é a experiência que buscamos oferecer na bemfácil. Estamos em constante melhoria de nossos processos e canais de comunicação para que problemas deste tipo não ocorram mais.\n\nPara agilizar a resolução do seu caso, enviamos um e-mail solicitando as informações necessárias. O e-mail foi enviado a partir do endereço contato@bemfacil.com.br. Assim que recebermos seu retorno, daremos continuidade ao processo de solução do problema o mais rápido possível.\n\nEstamos ansiosos para ajudá-lo a resolver esta questão e garantir sua satisfação. Por favor, entre em contato conosco assim que possível para que possamos finalizar o atendimento. Continuaremos à disposição para qualquer dúvida ou assistência adicional.\n\nAtenciosamente,\nEquipe bemfácil Digital', 'Réplica do consumidor\n02/10/2024 às 15:43\nCnpj 30.025.972.0001-00', 'Réplica do consumidor\n02/10/2024 às 18:19\nAté o momento não caiu o pagamento e já foi descontado do cliente', 'Réplica do consumidor\n02/10/2024 às 19:13\nEles mandam e-mail falam q estão me ligando e não estão conseguindo falar , aí deixam números de telefones para que eu entre em contato mais é bloqueado para receber chamadas. Meu número é*******.', 'Consideração final do consumidor\n03/10/2024 às 15:03\nÓtimo atendimento, muito rápido o retorno']",10,True,Resolvido
198611451,Não recebi pagamento realizado na maquininha,São José do Rio Preto - SP,"time.struct_time(tm_year=2024, tm_mon=10, tm_mday=1, tm_hour=13, tm_min=7, tm_sec=0, tm_wday=1, tm_yday=275, tm_isdst=-1)","Realizei venda hoje e não recebi até o momento o valor da minha venda.

Consta como venda realizada e nada de liberação do meu dinheiro.

Contado impossível com essa empresa. Então resta reclamar por aqui.

Estou perdendo a confiança em trabalhar com essa financeira porque nunca sabe os prazos a serem liberados e não temos suporte algum.","['Resposta da empresa\n01/10/2024 às 16:23\nRafaeli, seja bem-vinda ao atendimento do Reclame Aqui da bemfácil.\n\nPrimeiramente, gostaria de pedir desculpas por qualquer transtorno causado. Estamos em constante melhoria de nossos processos e canais de comunicação para que problemas deste tipo não ocorram mais.\n\nAgradecemos sua paciência enquanto trabalhávamos na resolução do seu caso. Informamos que o problema relatado já foi solucionado e o valor já havia sido devidamente creditado em sua conta bancária anteriormente.\n\nConforme discutido por e-mail, estamos felizes em saber que a solução atendeu às suas expectativas. Se houver qualquer outra questão ou se precisar de assistência adicional, por favor, não hesite em nos contatar diretamente.\n\nAgradecemos novamente por trazer esta questão à nossa atenção e por nos dar a oportunidade de corrigi-la. Sua satisfação é nossa prioridade.\n\nAtenciosamente,\nEquipe bemfácil Digital', 'Consideração final do consumidor\n02/10/2024 às 00:39\nExcelente']",10,True,Resolvido
198512279,Fiz uma venda e o valor não foi depositado,Recife - PE,"time.struct_time(tm_year=2024, tm_mon=9, tm_mday=30, tm_hour=12, tm_min=41, tm_sec=0, tm_wday=0, tm_yday=274, tm_isdst=-1)","Olá bom dia, fiz uma venda e o valor não entrou em minha conta, tentei entrar em contato pelo, WhatsApp, e-mail e telefone consigo retorno!","['Resposta da empresa\n30/09/2024 às 17:38\nIngrid,\nbem-vinda ao atendimento do Reclame Aqui da bemfácil.\n\nLamentamos muito pela experiência que você teve conosco; essa não é a experiência que buscamos oferecer na bemfácil. Estamos em constante melhoria de nossos processos e canais de comunicação para que problemas deste tipo não ocorram mais.\n\nVerifiquei em nosso sistema que o valor em questão já havia sido devidamente creditado anteriormente na conta informada.\n\nFicamos felizes em saber que está tudo certo e se caso necessitar de qualquer ajuda, não hesite em nos contatar diretamente!\n\nObrigada pela paciência com nossos processos, foi ótimo atendê-la.\n\nAtenciosamente,\nEquipe bemfácil Digital', 'Consideração final do consumidor\n01/10/2024 às 10:46\nInfelizmente foi uma falta de comunicação']",9,True,Resolvido
198393587,Não pagam as vendas,Recife - PE,"time.struct_time(tm_year=2024, tm_mon=9, tm_mday=27, tm_hour=20, tm_min=19, tm_sec=0, tm_wday=4, tm_yday=271, tm_isdst=-1)",A última venda paga foi dia 21/09/2024 . a quem recorrer ?,"['Resposta da empresa\n30/09/2024 às 11:59\nJorge, bem-vindo ao atendimento do Reclame Aqui da bemfácil.\n\nPrimeiramente, gostaria de pedir desculpas por qualquer transtorno causado. Estamos em constante melhoria de nossos processos e canais de comunicação para que problemas deste tipo não ocorram mais.\n\nAgradecemos a sua paciência enquanto estávamos trabalhando na resolução do seu caso. Como alinhado via mensagem de WhatsApp, o seu valor foi devidamente creditado na sua conta.\n\nNão hesite em entrar em contato conosco caso tenha alguma dúvida adicional. Obrigada pela paciência com nossos processos, foi ótimo atendê-lo.\n\nAtenciosamente,\nEquipe bemfácil Digital', 'Consideração final do consumidor\n30/09/2024 às 12:18\nFui informado da mudança da conta , e foi tudo resolvido .']",10,True,Resolvido
198325277,RECEBI PAGAMENTO NA MAQUININHA E NÃO CONSTA NA CONTA,São José do Rio Preto - SP,"time.struct_time(tm_year=2024, tm_mon=9, tm_mday=26, tm_hour=22, tm_min=46, tm_sec=0, tm_wday=3, tm_yday=270, tm_isdst=-1)","Realizei venda pela maquininha e não consta a venda e nem o saldo na conta do bem facil. Saiu o comprovante impresso, mas não caiu na conta. O e-mail, telefone de contato que consta no aplicativo não dá suporte. O vendedor que vendeu nem visualizar a mensagem.","['Resposta da empresa\n27/09/2024 às 14:36\nMarcio, bem-vindo ao atendimento do Reclame Aqui da bemfácil.\n\nPrimeiramente, gostaria de pedir desculpas por qualquer transtorno causado. Estamos em constante melhoria de nossos processos e canais de comunicação para que problemas deste tipo não ocorram mais.\n\nAgradecemos a sua paciência enquanto estávamos trabalhando na resolução do seu caso. Ficamos felizes em informar que seu caso foi solucionado e o valor já foi devidamente creditado. Enviamos os comprovantes diretamente para o seu E-mail fornecido.\n\nObrigada pela paciência com nossos processos, foi ótimo atendê-lo. Caso precise de mais alguma ajuda adicional, não hesite em nos contatar diretamente.\n\nAtenciosamente,\nEquipe bemfácil Digital', 'Consideração final do consumidor\n27/09/2024 às 15:19\nResponderam rápido e esclareceu o ocorrido.']",10,True,Resolvido
198190061,Valor não recebido ficou bloqueado na plataforma,São Paulo - SP,"time.struct_time(tm_year=2024, tm_mon=9, tm_mday=25, tm_hour=12, tm_min=34, tm_sec=0, tm_wday=2, tm_yday=269, tm_isdst=-1)","Essa venda até hoje não recebi gostaria de saber qual o motivo do não repasse, o atendente Jefferson que fez meu cadastro com vocês não responde às mensagens para saber o que é que faz para receber os valores","['Resposta da empresa\n26/09/2024 às 18:15\nBem-vinda ao atendimento do Reclame Aqui da bemfácil.\n\nPrimeiramente, gostaria de pedir desculpas por qualquer transtorno causado. Estamos em constante melhoria de nossos processos e canais de comunicação para que problemas deste tipo não ocorram mais.\n\nAgradecemos a sua paciência enquanto estamos trabalhando na resolução do seu caso. Gostaríamos de informar que a questão que você relatou é mais complexa do que inicialmente previsto, e estamos empenhados em resolver o problema da melhor forma possível.\n\nDevido à complexidade do problema, ainda precisamos de mais tempo para finalizar a resolução.\n\nEstamos comprometidos em manter você informado e garantir sua satisfação. Caso tenha alguma dúvida ou precise de mais informações, por favor, entre em contato conosco diretamente.\n\nAgradecemos novamente por trazer esta questão à nossa atenção e por nos dar a oportunidade de corrigi-la. Sua satisfação é nossa prioridade.\n\nAtenciosamente,\nEquipe bemfácil Digital', 'Consideração final do consumidor\n26/09/2024 às 18:18\nDemora para solucionar o problema']",5,False,Resolvido
197476017,AUTORIZAÇÃO DE TRANSFERÊNCIA INDEVIDA,Goiânia - GO,"time.struct_time(tm_year=2024, tm_mon=9, tm_mday=16, tm_hour=10, tm_min=11, tm_sec=0, tm_wday=0, tm_yday=260, tm_isdst=-1)","Tenho uma conta na Bem Fácil onde estou projetando minhas vendas na máquina de cartão, no dia 09/09/2024 foi cedido pela Bem fácil para o Mercado Pago por débito automático um pagamento no valor R$ 1.111,68. A Bem fácil relata que provavelmente o Mercado Pago colocou uma trava na conta da Bem Fácil pois tenho parcelas de empréstimo no Mercado Pago (QUE INCLUSIVE ESTÃO EM DIAS, SEM ATRASO), com o vencimento em todo dia 13. Não tenho retorno esclarecedor da Bem Fácil que joga a responsabilidade para o Mercado Pago, e muito menos uma resposta e posição do Mercado Pago, que me deu 4 dias úteis para estorno do valor (que inclusive solicito taxas que atualize o valor nesses dias que estão retendo meu dinheiro de forma injusta, pois preciso do dinheiro, e tive prejuízos). A Bem fácil me enviou um comprovante da transferência deles para o Mercado Pago, mas a DATA não bate, o comprovante está com a data de 14/08/2024 sendo que o débito foi feito dia 09/09/2024. Ou a Bem fácil ou o Mercado pago estão agindo de [Editado pelo Reclame Aqui]. Novamente realizei uma venda no dia 13/09/2024, mas uma vez de forma imediata houve outra transferência de R$ 907,87 para o Mercado Pago, após eu relatar via WhatsApp com uma das consultoras da Bem fácil a minha insatisfação, recebi um pix da BEM FÁCIL na conta cadastrada para minha transferências das vendas na BEM FÁCIL. Eu achei tudo isso também mais uma vez muito duvidoso. Resumindo, só quero meu dinheiro de volta, e não vou mais utilizar BEM FÁCIL e MERCADO PAGO. Venho aqui, pois NÃO consigo falar no SAC do Mercado Pago.","['Resposta da empresa\n19/09/2024 às 16:14\nBem-vinda ao atendimento do Reclame Aqui da bemfácil.\n\nPrimeiramente, gostaria de pedir desculpas por qualquer transtorno causado. Estamos em constante melhoria de nossos processos e canais de comunicação para que problemas deste tipo não ocorram mais.\n\nAgradecemos a sua paciência enquanto trabalhávamos na resolução do seu caso. Gostaríamos de informar que o problema relatado foi resolvido com sucesso.\n\nConforme discutido, estamos felizes em saber que a solução atendeu às suas expectativas. Se houver qualquer outra questão ou se precisar de assistência adicional, por favor, não hesite em nos contatar diretamente.\n\nAgradecemos novamente por trazer esta questão à nossa atenção e por nos dar a oportunidade de corrigi-la. Sua satisfação é nossa prioridade!\n\nAtenciosamente,\nEquipe bemfácil Digital', 'Consideração final do consumidor\n19/09/2024 às 17:31\nResposta sucinta e esclarecedora, profissional foi muito prestativa e atenciosa.']",9,True,Resolvido
197281713,Não Permite estorno de venda e telefone de suporte não funciona,Sarandi - RS,"time.struct_time(tm_year=2024, tm_mon=9, tm_mday=12, tm_hour=17, tm_min=52, tm_sec=0, tm_wday=3, tm_yday=256, tm_isdst=-1)","No dia 30 de agosto de 2024, adquiri um veículo em sua loja pelo valor de R$ 13.000,00, parcelado em 10 vezes no cartão de crédito, (a vista seria R$ 11.000,00). No entanto, poucos dias após a compra, o veículo apresentou problemas. Após conversas com o vendedor, foi acordado que o negócio seria desfeito e me ofereceu uma devolução no valor total de R$ 11.000,00, correspondente ao valor à vista. Mas solicitei que fosse cancelada a venda na maquina.

Entretanto, o vendedor alegou que a máquina Bemfacil.digital utilizada pela loja não aceita estorno de pagamento com cartão. Embora essa situação tenha me causado estranhamento, tentei proceder com o estorno junto com o vendedor, e de fato a máquina não ofereceu a opção de estorno, nem mesmo através do sistema online.

Desde então, tenho tentado contato com a loja pelo telefone informado no site, mas não consegui completar nenhuma ligação.

Diante disso, minha solicitação é que a venda seja cancelada diretamente na máquina de pagamento ou que seja realizada a operação equivalente para que o processo de estorno seja corretamente registrado e efetivado.

Atenciosamente,","['Resposta da empresa\n18/09/2024 às 12:39\nBem-vinda ao atendimento do Reclame Aqui da bemfácil.\n\nPrimeiramente, gostaria de pedir desculpas por qualquer transtorno causado. Estamos em constante melhoria de nossos processos e canais de comunicação para que problemas deste tipo não ocorram mais.\n\nAgradecemos a sua paciência enquanto trabalhávamos na resolução do seu caso. Gostaríamos de informar que o problema relatado está sendo devidamente resolvido.\n\nSe houver qualquer outra questão ou se precisar de assistência adicional, por favor, não hesite em nos contatar diretamente.\n\nAgradecemos novamente por trazer esta questão à nossa atenção e por nos dar a oportunidade de corrigi-la. Sua satisfação é nossa prioridade.\n\nAtenciosamente,\nEquipe bemfácil Digital', 'Consideração final do consumidor\n19/09/2024 às 12:14\nResolveram o problema rapidamente, porém se fez necessário abrir a reclamação aqui para que pudesse solucionar o problema']",8,True,Resolvido
191477335,De fácil não tem nada.,Guarulhos - SP,"time.struct_time(tm_year=2024, tm_mon=6, tm_mday=24, tm_hour=16, tm_min=18, tm_sec=0, tm_wday=0, tm_yday=176, tm_isdst=-1)",Vem aqui deixar minha indignação referente a esse banco digital bem fácil. de fácil não tem nada pois deixei meu carro em uma oficina mecânica a qual o serviço é excelente porém eles trabalham com esse banco digital bem fácil que oferece o pagamento por maquininha e link ao realizar o pagamento do serviço paguei pelo link dessa conta aonde foi aprovado pelo meu banco tudo certo agora esse bem fácil deveria aceitar a forma de pagamento aonde está tudo correto e liberar para o dono da oficina não eles travaram o pagamento para oficina aonde exigiu do cliente CPF rg número do cartão xerox documento e assinatura do cliente aonde está em artigo que o cliente tem que fornecer documentos pessoais e uma https://******* eles encaminha um papel para você preencher e diz quer é procedimento deles mas não sei aonde está em lei não recomendo a ninguém esse banco bem fácil digitar meu carro está na oficina dois dias por conta que eles não liberam o pagamento para oficina.,"['Resposta da empresa\n24/06/2024 às 18:24\nBoa Noite Sr Manuel, anotamos sua reclamação e procuraremos melhorar nosso processo que confirmação e verificação de compra por clientes feitos através de nossos links de pagamentos.\nPossuímos um sistema de validação de dados e veracidade de compra, afim de coibir práticas ilícitas de pessoas mau intencionadas que de posse de dados de portadores de cartões costumam adquirir produtos e pagar via link, sem a devida autorização ou conhecimento dos portadores de cartão, causando assim um prejuízo e transtorno para todos, cliente estabelecimento, cliente portador do cartão. Sentimos muito pelo inconveniente, mas precisamos de validação do portador do cartão, tais como uma autorização assinada, ou recibo de prestação de serviço concluída com a sua devida autorização do uso do cartão.\nMais uma vez pedimos desculpas, mas esse processo se faz necessário, para garantir a sua segurança e a do nosso cliente. Melhoraremos esse processo em breve. Atenciosamente.', 'Consideração final do consumidor\n24/06/2024 às 18:28\nA empresa não tem suporte suficiente para o consumidor não recomendo a ninguém pois trabalha com link quando faz a compra ou pagamento que exige de documento absurdo']",0,False,Não resolvido
191470339,Valores retidos,São Paulo - SP,"time.struct_time(tm_year=2024, tm_mon=6, tm_mday=24, tm_hour=15, tm_min=8, tm_sec=0, tm_wday=0, tm_yday=176, tm_isdst=-1)","Realiza e vendas na maquininha da bem fácil porém a última venda realizada não recebi e já fiz contato por e-mail e ligação e não tenho retorno de nada nem por e-mail nem por ligação atendem gostaria de um retorno para saber o que aconteceu se foi algum problema não repasse, acredito que eu como cliente de vocês não era para estar passando por esses transtornos pois a gente fica no prejuízo e não tenha quem recorrer não tenho responsável pela empresa para falar com o cliente sobre o que motivou ou não repasse do valor para minha conta o que aconteceu isso já tem mais de 10 dias e não recebo posicionamento do atendente a qual me cadastrou e nem da empresa ninguém consegue ligar e nem receber alguma informação via e-mail","['Resposta da empresa\n24/06/2024 às 19:38\nOlá Maycon,\n\nAgradecemos por trazer essa questão à nossa atenção. Lamentamos profundamente que você tenha tido essa experiência e pedimos desculpas por qualquer inconveniente que isso possa ter causado.\n\nEstamos atualmente investigando o problema e estamos comprometidos em resolver isso da melhor maneira possível. Nossa área vem tentando contato solicitando algumas informações bem como alguns documentos comprobatórios dessa operação, então pedimos a gentileza de responder nossos contatos para auxiliarmos a finalização desse processo o mais rápido possível.\nPor favor, entre em contato com nosso representante responsável direto, para que possamos acompanhar de perto essa situação.\n\nAgradecemos sua paciência e compreensão enquanto trabalhamos para resolver isso.\n\nAtenciosamente,\nEquipe Bemfacil', 'Consideração final do consumidor\n24/06/2024 às 19:40\nrápido retorno']",10,True,Resolvido
179929171,Recolhimento de maquininha,Conselheiro Lafaiete - MG,"time.struct_time(tm_year=2024, tm_mon=1, tm_mday=8, tm_hour=11, tm_min=36, tm_sec=0, tm_wday=0, tm_yday=8, tm_isdst=-1)","Há messes não entram em contato comigo, para saber sobre as vendas, se podem ou não melhorar as taxas. E Agora aparecem falando que vão recolher a maquininha por falta de uso e que a mesma tem custo de chip. Ou seja: Estão recolhendo sem ter avisado antes que isso ocorreria caso não tive uso em certo período. Sugiro que ao ter novos clientes, que os deixem cientes sobre o não uso da maquininha, o qual deve gerar oara empresa um mísero custo para a maquininha.","['Resposta da empresa\n18/01/2024 às 16:50\nUm dos nossos pilares de relacionamento com nossos clientes é a transparência, e diante do ocorrido, já retomamos contato com o Sr Adriano para esclarecimentos e uma possível retomada da parceria. Sentimos muito pela experiência negativa e faremos o possível para melhorar a experiência de nossos clientes. Obrigada pelo feedback.', 'Réplica do consumidor\n18/01/2024 às 23:38\nQuerem que eu tenha um faturamento mensal na maquininha de R$10.000,00 mensais E o mês que não vender o valor total ou não vender nada? Infelizmente deixou a desejar, fiquei 3 meses sem usar a maquininha por juros altos para meus clientes, não tive atendimento após o representante ter saído da empresa', 'Consideração final do consumidor\n19/01/2024 às 22:36\nFalta de clareza! Ter que passar certo valor pra ter a maquininha.', 'Consideração final da empresa\n30/01/2024 às 19:14\nA bemfacil preza pela clareza nas informações, tanto em nosso termo de adesão quanto na apresentação realizada por nossos consultores. Neste caso, lamentamos a falha na comunicação inicial. Vale informar que oferecemos serviços financeiros e não comercializamos o equipamento (maquininha), o que nos leva a oferecê-la em comodato, com a condição de sua utilização. Esses equipamentos nos geram custos, e por esse motivo, não podemos deixá-los sem utilização em nossos clientes. Por isso, efetuamos a retirada quando não utilizada após um período.\nE foi exatamente nesse item que houve a falha de comunicação. Pedimos desculpas e conforme contatos, prosseguimos com a solicitação desejada, não gerando nenhum prejuízo ao nosso cliente.']",0,False,Não resolvido
113652723,Máquina de cartão,Piedade - SP,"time.struct_time(tm_year=2020, tm_mon=10, tm_mday=16, tm_hour=11, tm_min=56, tm_sec=0, tm_wday=4, tm_yday=290, tm_isdst=-1)","Valores recebidos não estão de acordo com as simulações realizadas no site. Duas vendas que passamos na máquina de cartão não deram certo, mas foram autorizadas no sistema. Existe cobrança de taxa para TED abaixo de R$ 500,00, não estava ciente dessa taxa até então.","['Resposta da empresa\n21/10/2020 às 08:52\nOlá Ambientale,\n\nAgradecemos o seu contato e informamos que a bemfácil possui canais dedicados para que possa nos acionar sempre que houver dúvidas, sugestões ou críticas.\nAtendimento bemfácil: 11 99148-4348\n\nInformamos também ques tarifas hoje estão diferentes da tabela inicial que vocês tinham, mas estão menores, o que significa uma vantagem para o seu negócio.\nJá a cobrança da taxa TED é um procedimento padrão para recebimentos diários inferiores a R$500,00 e todos os nossos clientes são informados sobre isso no início do processo.\n\nComo combinamos, iremos até vocês pessoalmente hoje, quarta-feira, para esclarecer eventuais dúvidas e otimizar nossos processos.\nQualquer dúvida, ou sempre que precisarem, contem conosco.\nAbraços,\n\nEquipe bemfácil', 'Consideração final do consumidor\n30/10/2020 às 11:57\nBom.']",7,False,Resolvido
